{
    "Autofill Profile": [],
    "Contact Info": [],
    "Autofill": [
        {
            "usage_timestamp": [13364813444000000],
            "name": "input_1.6",
            "value": "Villa"
},
        {
            "usage_timestamp": [13365905928000000],
            "name": "iOttText",
            "value": "608903"
},
        {
            "usage_timestamp": [13365905678000000],
            "name": "proofInputField",
            "value": "alouisvilla@gmail.com"
},
        {
            "usage_timestamp": [13365905970000000],
            "name": "PostalCode",
            "value": "93001"
},
        {
            "usage_timestamp": [13364813444000000],
            "name": "input_1.3",
            "value": "Anthony "
},
        {
            "usage_timestamp": [13365368627000000],
            "name": "firstName",
            "value": "Villaanthony234@gmail.com"
},
        {
            "usage_timestamp": [13364813120000000],
            "name": "login_email",
            "value": "alouisvilla@gmail.com"
},
        {
            "usage_timestamp": [13365905970000000],
            "name": "FirstName",
            "value": "Anthony"
},
        {
            "usage_timestamp": [13364861559000000],
            "name": "email",
            "value": "Alouisvilla@gmail.com"
},
        {
            "usage_timestamp": [13364797317000000],
            "name": "map(username)",
            "value": "178951"
},
        {
            "usage_timestamp": [13365897633000000],
            "name": "c2",
            "value": "alouisvilla@gmail.com"
},
        {
            "usage_timestamp": [13365369352000000],
            "name": "customer[email]",
            "value": "villaanthony985@gmail.com"
},
        {
            "usage_timestamp": [
                        13365903137000000,
                        13365905763000000
            ],
            "name": "loginfmt",
            "value": "villaanthony985@gmail.com"
},
        {
            "usage_timestamp": [13365905970000000],
            "name": "LastName",
            "value": "Villa"
},
        {
            "usage_timestamp": [13365898964000000],
            "name": "c2",
            "value": "alv911411@gmail.com"
},
        {
            "usage_timestamp": [13365906407000000],
            "name": "login",
            "value": "villaanthony985@gmail.com"
},
        {
            "usage_timestamp": [
                        13365903183000000,
                        13365905797000000
            ],
            "name": "iSigninName",
            "value": "villaanthony985@gmail.com"
},
        {
            "usage_timestamp": [13365905824000000],
            "name": "iVerifyText",
            "value": "283211"
}
    ]
}