{
    "Device Info": [
        {
            "sync_user_agent": "Chrome ANDROID-TABLET 126.0.6478.122 (ebbe3a565c7696ad1484131f45554736f78da7c6-refs/branch-heads/6478@{#1581}) channel(stable)",
            "device_type": "TYPE_TABLET",
            "chrome_version_info": {"version_number": "126.0.6478.122"},
            "signin_scoped_device_id": "fa7c3626-5f58-4271-a573-08e65b0260f9",
            "manufacturer": "samsung",
            "cache_guid": "aK7fjbbf1Z6zEmMxw0K2rg==",
            "device_form_factor": "DEVICE_FORM_FACTOR_TABLET",
            "pulse_interval_in_minutes": 1440,
            "feature_fields": {"send_tab_to_self_receiving_enabled": true},
            "invalidation_fields": {
                        "instance_id_token": "fknamVaTXAI:APA91bG3I0xC0EYFkTp5XA6-vE3XSpyBbHo0pjq0RN4HI09Ikji48n_1N6xuCqtC7pSULo3rvVTsMPf21sa83rrE81pvhMvwZWIXauzuyEEeZuUebFMSf6aGOL3kByJGlj5fxW9sU3pZ",
                        "interested_data_type_ids": [
                                    32904,
                                    37702,
                                    63951,
                                    31729,
                                    306270,
                                    330441,
                                    774329,
                                    150251,
                                    154522,
                                    163425,
                                    411028,
                                    601980,
                                    1034378,
                                    47745
                        ]
            },
            "os_type": "OS_TYPE_ANDROID",
            "last_updated_timestamp": 1721429409940,
            "model": "SM-X218U",
            "client_name": "SM-X218U",
            "chrome_version": "126.0.6478.122"
}
    ]
}