{
  "title": "20240718_161517.jpg",
  "description": "",
  "imageViews": "1",
  "creationTime": {
    "timestamp": "1721357914",
    "formatted": "Jul 19, 2024, 2:58:34 AM UTC"
  },
  "photoTakenTime": {
    "timestamp": "1721344517",
    "formatted": "Jul 18, 2024, 11:15:17 PM UTC"
  },
  "geoData": {
    "latitude": 0.0,
    "longitude": 0.0,
    "altitude": 0.0,
    "latitudeSpan": 0.0,
    "longitudeSpan": 0.0
  },
  "geoDataExif": {
    "latitude": 0.0,
    "longitude": 0.0,
    "altitude": 0.0,
    "latitudeSpan": 0.0,
    "longitudeSpan": 0.0
  },
  "url": "https://photos.google.com/photo/AF1QipNd4_BH2LnDY1lGZzxE8rw70VMPi8nLIQiJZo1V",
  "googlePhotosOrigin": {
    "mobileUpload": {
      "deviceFolder": {
        "localFolderName": ""
      },
      "deviceType": "ANDROID_TABLET"
    }
  }
}