{
  "title": "20240708_133145.jpg",
  "description": "",
  "imageViews": "0",
  "creationTime": {
    "timestamp": "1720596642",
    "formatted": "Jul 10, 2024, 7:30:42 AM UTC"
  },
  "photoTakenTime": {
    "timestamp": "1720470705",
    "formatted": "Jul 8, 2024, 8:31:45 PM UTC"
  },
  "geoData": {
    "latitude": 0.0,
    "longitude": 0.0,
    "altitude": 0.0,
    "latitudeSpan": 0.0,
    "longitudeSpan": 0.0
  },
  "geoDataExif": {
    "latitude": 0.0,
    "longitude": 0.0,
    "altitude": 0.0,
    "latitudeSpan": 0.0,
    "longitudeSpan": 0.0
  },
  "url": "https://photos.google.com/photo/AF1QipOmEu4Jek9T_p_QElthX9ibDZnUrVw64WGSluiV",
  "googlePhotosOrigin": {
    "mobileUpload": {
      "deviceFolder": {
        "localFolderName": ""
      },
      "deviceType": "ANDROID_TABLET"
    }
  }
}