{
  "title": "20240708_133131.jpg",
  "description": "",
  "imageViews": "0",
  "creationTime": {
    "timestamp": "1720596692",
    "formatted": "Jul 10, 2024, 7:31:32 AM UTC"
  },
  "photoTakenTime": {
    "timestamp": "1720470691",
    "formatted": "Jul 8, 2024, 8:31:31 PM UTC"
  },
  "geoData": {
    "latitude": 0.0,
    "longitude": 0.0,
    "altitude": 0.0,
    "latitudeSpan": 0.0,
    "longitudeSpan": 0.0
  },
  "geoDataExif": {
    "latitude": 0.0,
    "longitude": 0.0,
    "altitude": 0.0,
    "latitudeSpan": 0.0,
    "longitudeSpan": 0.0
  },
  "url": "https://photos.google.com/photo/AF1QipNgGOL8ajjtsshzBfIczhFntDdpYVAJLyN5aiUD",
  "googlePhotosOrigin": {
    "mobileUpload": {
      "deviceFolder": {
        "localFolderName": ""
      },
      "deviceType": "ANDROID_TABLET"
    }
  }
}