{
  "title": "20240708_133201.jpg",
  "description": "",
  "imageViews": "1",
  "creationTime": {
    "timestamp": "1720596568",
    "formatted": "Jul 10, 2024, 7:29:28 AM UTC"
  },
  "photoTakenTime": {
    "timestamp": "1720470721",
    "formatted": "Jul 8, 2024, 8:32:01 PM UTC"
  },
  "geoData": {
    "latitude": 0.0,
    "longitude": 0.0,
    "altitude": 0.0,
    "latitudeSpan": 0.0,
    "longitudeSpan": 0.0
  },
  "geoDataExif": {
    "latitude": 0.0,
    "longitude": 0.0,
    "altitude": 0.0,
    "latitudeSpan": 0.0,
    "longitudeSpan": 0.0
  },
  "url": "https://photos.google.com/photo/AF1QipO5drEKw-7uZzx2e-WPRK4ows5C5UmiC5Q59j78",
  "googlePhotosOrigin": {
    "mobileUpload": {
      "deviceFolder": {
        "localFolderName": ""
      },
      "deviceType": "ANDROID_TABLET"
    }
  }
}