{
  "title": "20240708_133159.jpg",
  "description": "",
  "imageViews": "1",
  "creationTime": {
    "timestamp": "1720596598",
    "formatted": "Jul 10, 2024, 7:29:58 AM UTC"
  },
  "photoTakenTime": {
    "timestamp": "1720470719",
    "formatted": "Jul 8, 2024, 8:31:59 PM UTC"
  },
  "geoData": {
    "latitude": 0.0,
    "longitude": 0.0,
    "altitude": 0.0,
    "latitudeSpan": 0.0,
    "longitudeSpan": 0.0
  },
  "geoDataExif": {
    "latitude": 0.0,
    "longitude": 0.0,
    "altitude": 0.0,
    "latitudeSpan": 0.0,
    "longitudeSpan": 0.0
  },
  "url": "https://photos.google.com/photo/AF1QipOf6rxlRpsoQYR7342jCjXHTYcZmQiJ6CB6E2ZY",
  "googlePhotosOrigin": {
    "mobileUpload": {
      "deviceFolder": {
        "localFolderName": ""
      },
      "deviceType": "ANDROID_TABLET"
    }
  }
}