[{
  "device": {
    "mostRecentData": {
      "carrierName": "T-Mobile - US",
      "playStoreClientVersion": 84181430,
      "manufacturer": "samsung",
      "modelName": "SM-A156U",
      "deviceName": "a15x",
      "productName": "a15xsq",
      "retailBrand": "samsung",
      "totalMemoryBytes": "3757862912",
      "nativePlatform": ["arm64-v8a", "armeabi-v7a", "armeabi"],
      "deviceIpCountry": "US",
      "userLocale": "en_US",
      "buildFingerprint": "samsung/a15xsq/a15x:14/UP1A.231005.007/A156USQS2BXE5:user/release-keys",
      "androidSdkVersion": "34"
    },
    "dataAtTimeOfUserPlayActivity": {
      "carrierName": "T-Mobile - US",
      "manufacturer": "samsung",
      "modelName": "SM-A156U",
      "deviceName": "a15x",
      "productName": "a15xsq",
      "retailBrand": "samsung",
      "nativePlatform": ["arm64-v8a", "armeabi-v7a", "armeabi"],
      "deviceIpCountry": "US",
      "userLocale": "en_US",
      "androidSdkVersion": "34"
    },
    "deviceRegistrationTime": "2024-07-06T19:16:05.531Z",
    "userAddedOnDeviceTime": "2024-07-13T16:58:03.096Z",
    "lastTimeDeviceActive": "2024-07-15T19:56:47.543799Z"
  }
},
{
  "device": {
    "mostRecentData": {
      "carrierName": "T-Mobile - US",
      "playStoreClientVersion": 84191730,
      "manufacturer": "samsung",
      "modelName": "SM-X218U",
      "deviceName": "gta9p",
      "productName": "gta9psqxnc",
      "retailBrand": "samsung",
      "totalMemoryBytes": "3569864704",
      "nativePlatform": ["arm64-v8a", "armeabi-v7a", "armeabi"],
      "deviceIpCountry": "US",
      "userLocale": "en_US",
      "buildFingerprint": "samsung/gta9psqxnc/gta9p:14/UP1A.231005.007/X218USQU2CXE6:user/release-keys",
      "androidSdkVersion": "34"
    },
    "dataAtTimeOfUserPlayActivity": {
      "carrierName": "T-Mobile - US",
      "manufacturer": "samsung",
      "modelName": "SM-X218U",
      "deviceName": "gta9p",
      "productName": "gta9psqxnc",
      "retailBrand": "samsung",
      "nativePlatform": ["arm64-v8a", "armeabi-v7a", "armeabi"],
      "deviceIpCountry": "US",
      "userLocale": "en_US",
      "androidSdkVersion": "34"
    },
    "deviceRegistrationTime": "2024-07-06T19:27:38.733Z",
    "userAddedOnDeviceTime": "2024-07-06T19:27:38.733Z",
    "lastTimeDeviceActive": "2024-07-18T22:51:46.219252Z"
  }
},
{
  "device": {
    "mostRecentData": {
      "carrierName": "PWG/Cintex",
      "playStoreClientVersion": 84181420,
      "manufacturer": "Maxwest",
      "modelName": "Nitro 55A",
      "deviceName": "Nitro_55A",
      "productName": "Nitro_55A",
      "retailBrand": "Maxwest",
      "totalMemoryBytes": "1996099584",
      "nativePlatform": ["armeabi-v7a", "armeabi"],
      "deviceIpCountry": "US",
      "userLocale": "en_US",
      "buildFingerprint": "Maxwest/Nitro_55A/Nitro_55A:11/RP1A.201005.001/1704175736:user/release-keys",
      "androidSdkVersion": "30"
    },
    "dataAtTimeOfUserPlayActivity": {
      "carrierName": "PWG/Cintex",
      "manufacturer": "Maxwest",
      "modelName": "Nitro 55A",
      "deviceName": "Nitro_55A",
      "productName": "Nitro_55A",
      "retailBrand": "Maxwest",
      "nativePlatform": ["armeabi-v7a", "armeabi"],
      "deviceIpCountry": "US",
      "userLocale": "en_US",
      "androidSdkVersion": "30"
    },
    "deviceRegistrationTime": "2024-06-27T00:17:49.936Z",
    "userAddedOnDeviceTime": "2024-06-27T01:02:58.798Z",
    "lastTimeDeviceActive": "2024-07-15T23:23:17.311579Z"
  }
}]