[{
  "libraryDoc": {
    "doc": {
      "documentType": "In App Item",
      "title": "Gold package 300 (Force of Warships: Battleship)"
    },
    "acquisitionTime": "2024-07-20T05:44:45.693Z"
  }
},
{
  "libraryDoc": {
    "doc": {
      "documentType": "Android Apps",
      "title": "Microsoft Outlook"
    },
    "acquisitionTime": "2024-07-07T02:27:00.979Z"
  }
},
{
  "libraryDoc": {
    "doc": {
      "documentType": "Android Apps",
      "title": "Google Photos"
    },
    "acquisitionTime": "2024-07-07T02:31:03.324Z"
  }
},
{
  "libraryDoc": {
    "doc": {
      "documentType": "Android Apps",
      "title": "Google Drive"
    },
    "acquisitionTime": "2024-07-07T02:30:44.595Z"
  }
},
{
  "libraryDoc": {
    "doc": {
      "documentType": "Android Apps",
      "title": "Microsoft 365 (Office)"
    },
    "acquisitionTime": "2024-07-07T02:28:07.262Z"
  }
},
{
  "libraryDoc": {
    "doc": {
      "documentType": "Subscription",
      "title": "100 GB (Google One)"
    },
    "acquisitionTime": "2024-07-13T18:12:09.168Z"
  }
}]