[{
  "orderHistory": {
    "orderId": "GPA.3354-9323-4955-81805",
    "creationTime": "2024-07-20T05:44:45.693Z",
    "billingInstrument": {
      "displayName": "T-Mobile - US 18052489723"
    },
    "otherInstruments": [{
      "displayName": "T-Mobile - US 18052489723"
    }],
    "associatedContact": [{
      "name": "Anthony Louis Villa",
      "countryCode": "US",
      "city": "VENTURA",
      "state": "CA",
      "postalCode": "93003"
    }],
    "ipAddress": "2607:fb91:60d:ed89:305f:269a:3a48:e851",
    "ipCountry": "US",
    "userLocale": {
      "languageCode": "en_US",
      "country": "US"
    },
    "totalPrice": "$0.99",
    "tax": "$0.00",
    "refundAmount": "$0.00",
    "preorder": false,
    "lineItem": [{
      "doc": {
        "documentType": "In App Item",
        "title": "Gold package 300 (Force of Warships: Battleship)"
      },
      "quantity": "1"
    }]
  }
},
{
  "orderHistory": {
    "orderId": "SOP.3328-2340-4509-21965",
    "creationTime": "2024-07-13T18:12:09.168Z",
    "billingInstrument": {
      "displayName": "T-Mobile - US 18204659173"
    },
    "otherInstruments": [{
      "displayName": "T-Mobile - US 18204659173"
    }],
    "associatedContact": [{
      "name": "Anthony Louis Villa",
      "countryCode": "US",
      "city": "VENTURA",
      "state": "CA",
      "postalCode": "93003"
    }],
    "ipAddress": "2607:fb91:614:6635:9c8f:3337:e569:be7b",
    "ipCountry": "US",
    "userLocale": {
      "languageCode": "en_US",
      "country": "US"
    },
    "totalPrice": "$0.00",
    "tax": "$0.00",
    "refundAmount": "$0.00",
    "renewalOrder": false,
    "preorder": false,
    "lineItem": [{
      "doc": {
        "documentType": "Subscription",
        "title": "100 GB (Google One)"
      },
      "quantity": "1"
    }]
  }
}]