[{
  "playPointsDetails": {
    "membership": {
      "status": "Active",
      "country": "US",
      "enrollTime": "2024-07-20T05:45:11.929248Z",
      "level": "Bronze",
      "levelCompletionTime": "2024-07-20T05:45:11.929248Z",
      "levelExpirationTime": "2025-01-01T07:59:59.999Z",
      "pointsToNextLevel": "149",
      "pointsBalance": "1",
      "pointsExpirationTime": "2025-07-20T05:45:12.498843Z"
    }
  }
},
{
  "playPointsDetails": {
    "pointsHistory": {
      "country": "US",
      "transactionId": "4af6c088-5bea-46d5-8c98-e42ea1703506",
      "time": "2024-07-20T05:45:12.498Z",
      "category": "Points earned on a purchase",
      "pointsChange": "1",
      "orderId": "GPA.3354-9323-4955-81805",
      "preTransactionBalance": "0",
      "postTransactionBalance": "1",
      "preTransactionLevel": "Bronze",
      "postTransactionLevel": "Bronze",
      "doc": [{
        "documentType": "In App Item",
        "title": "Gold package 300 (Force of Warships: Battleship)"
      }]
    }
  }
}]