[{
  "purchaseHistory": {
    "invoicePrice": "$0.99",
    "paymentMethodTitle": "T-Mobile - US 18052489723",
    "userLanguageCode": "en_US",
    "userCountry": "US",
    "doc": {
      "documentType": "In App Item",
      "title": "Gold package 300 (Force of Warships: Battleship)"
    },
    "purchaseTime": "2024-07-20T05:44:45.693Z"
  }
},
{
  "purchaseHistory": {
    "invoicePrice": "$0.00",
    "paymentMethodTitle": "T-Mobile - US 18204659173",
    "userLanguageCode": "en_US",
    "userCountry": "US",
    "doc": {
      "documentType": "Subscription",
      "title": "100 GB (Google One)"
    },
    "purchaseTime": "2024-07-13T18:12:09.168Z"
  }
},
{
  "purchaseHistory": {
    "invoicePrice": "$0.00",
    "userLanguageCode": "en_US",
    "userCountry": "US",
    "doc": {
      "documentType": "Android Apps",
      "title": "Google Photos"
    },
    "purchaseTime": "2024-07-07T02:31:03.324Z"
  }
},
{
  "purchaseHistory": {
    "invoicePrice": "$0.00",
    "userLanguageCode": "en_US",
    "userCountry": "US",
    "doc": {
      "documentType": "Android Apps",
      "title": "Google Drive"
    },
    "purchaseTime": "2024-07-07T02:30:44.595Z"
  }
},
{
  "purchaseHistory": {
    "invoicePrice": "$0.00",
    "userLanguageCode": "en_US",
    "userCountry": "US",
    "doc": {
      "documentType": "Android Apps",
      "title": "Microsoft 365 (Office)"
    },
    "purchaseTime": "2024-07-07T02:28:07.262Z"
  }
},
{
  "purchaseHistory": {
    "invoicePrice": "$0.00",
    "userLanguageCode": "en_US",
    "userCountry": "US",
    "doc": {
      "documentType": "Android Apps",
      "title": "Microsoft Outlook"
    },
    "purchaseTime": "2024-07-07T02:27:00.979Z"
  }
}]